{"name":"2cc9dfa7-8cb5-4635-ac3a-20cbf8b30ca4","id":"/providers/Microsoft.Flow/flows/2cc9dfa7-8cb5-4635-ac3a-20cbf8b30ca4","type":"Microsoft.Flow/flows","properties":{"apiId":"/providers/Microsoft.PowerApps/apis/shared_logicflows","displayName":"Copy of -  Create CI Request - JSON - with approval - single request - with subnet","definition":{"metadata":{"workflowEntityId":null,"flowclientsuspensionreason":"None","flowclientsuspensiontime":null,"creator":{"id":"769f9a89-86c4-4504-a9df-6dad6a918702","type":"User","tenantId":"1c5baba3-b5f3-426e-b933-b1fe7cddcd63"},"provisioningMethod":"FromDefinition","failureAlertSubscription":true,"clientLastModifiedTime":"2021-03-04T22:04:15.3090064Z"},"$schema":"https://schema.management.azure.com/providers/Microsoft.Logic/schemas/2016-06-01/workflowdefinition.json#","contentVersion":"1.0.0.0","parameters":{"$connections":{"defaultValue":{},"type":"Object"},"$authentication":{"defaultValue":{},"type":"SecureObject"}},"triggers":{"When_a_new_response_is_submitted":{"splitOn":"@triggerOutputs()?['body/value']","type":"OpenApiConnectionWebhook","inputs":{"host":{"apiId":"/providers/Microsoft.PowerApps/apis/shared_microsoftforms","connectionName":"shared_microsoftforms","operationId":"CreateFormWebhook"},"parameters":{"form_id":"o6tbHPO1bkK5M7H-fN3NY4man3bEhgRFqd9trWqRhwJUMEQ0VDFXNUlQQlNNR1BENjNRQ1dFRlFDSS4u"},"authentication":"@parameters('$authentication')"}}},"actions":{"Get_response_details":{"runAfter":{},"type":"OpenApiConnection","inputs":{"host":{"apiId":"/providers/Microsoft.PowerApps/apis/shared_microsoftforms","connectionName":"shared_microsoftforms","operationId":"GetFormResponseById"},"parameters":{"form_id":"o6tbHPO1bkK5M7H-fN3NY4man3bEhgRFqd9trWqRhwJUMEQ0VDFXNUlQQlNNR1BENjNRQ1dFRlFDSS4u","response_id":"@triggerOutputs()?['body/resourceData/responseId']"},"authentication":"@parameters('$authentication')"}},"Create_an_approval":{"runAfter":{"Get_user":["Succeeded"]},"type":"OpenApiConnection","inputs":{"host":{"apiId":"/providers/Microsoft.PowerApps/apis/shared_approvals","connectionName":"shared_approvals","operationId":"CreateAnApproval"},"parameters":{"approvalType":"Basic","ApprovalCreationInput/title":"A new CI Request has been submitted","ApprovalCreationInput/assignedTo":"jeffh@CRM478527.OnMicrosoft.com; danj@CRM478527.OnMicrosoft.com","ApprovalCreationInput/details":"Compute Instance: @{outputs('Get_response_details')?['body/r56f7e52ce27e476ca6c44e195f381427']}\n\nDate:  @{outputs('Get_response_details')?['body/submitDate']}\n\nRequestor: @{outputs('Get_response_details')?['body/responder']}\n\nJustification: @{outputs('Get_response_details')?['body/rfbc90627547d4a2a8f1b9f3bda0bfb35']}","ApprovalCreationInput/enableNotifications":true,"ApprovalCreationInput/enableReassignment":true},"authentication":"@parameters('$authentication')"}},"Wait_for_an_approval":{"runAfter":{"Post_your_own_adaptive_card_as_the_Flow_bot_to_a_channel":["Succeeded"]},"type":"OpenApiConnectionWebhook","inputs":{"host":{"apiId":"/providers/Microsoft.PowerApps/apis/shared_approvals","connectionName":"shared_approvals","operationId":"WaitForAnApproval"},"parameters":{"approvalName":"@outputs('Create_an_approval')?['body/name']"},"authentication":"@parameters('$authentication')"}},"Condition_3":{"actions":{"List_blobs":{"runAfter":{},"metadata":{"JTJmdm1leGNlcHRpb25z":"/vmexceptions","JTJmY2lyZXF1ZXN0cw==":"/cirequests"},"type":"OpenApiConnection","inputs":{"host":{"apiId":"/providers/Microsoft.PowerApps/apis/shared_azureblob","connectionName":"shared_azureblob_1","operationId":"ListFolderV2"},"parameters":{"id":"JTJmY2lyZXF1ZXN0cw==","nextPageMarker":"","useFlatListing":false},"authentication":"@parameters('$authentication')"}},"Apply_to_each":{"foreach":"@outputs('List_blobs')?['body/value']","actions":{"Condition":{"actions":{"Set_variable":{"runAfter":{},"type":"SetVariable","inputs":{"name":"dateExists","value":true}},"Set_variable_2":{"runAfter":{"Set_variable":["Succeeded"]},"type":"SetVariable","inputs":{"name":"BlobPath","value":"@items('Apply_to_each')?['Path']"}},"Set_variable_3":{"runAfter":{"Set_variable_2":["Succeeded"]},"type":"SetVariable","inputs":{"name":"blobIdentifier","value":"@items('Apply_to_each')?['Id']"}}},"runAfter":{},"expression":{"startsWith":["@items('Apply_to_each')?['Name']","@formatDateTime(utcNow(), 'yyyy-MM-dd')"]},"type":"If"}},"runAfter":{"List_blobs":["Succeeded"]},"type":"Foreach"},"Condition_2":{"actions":{"Condition_4":{"actions":{"Create_blob":{"runAfter":{},"type":"OpenApiConnection","inputs":{"host":{"apiId":"/providers/Microsoft.PowerApps/apis/shared_azureblob","connectionName":"shared_azureblob_1","operationId":"CreateFile"},"parameters":{"folderPath":"/cirequests","name":"@{formatDateTime(utcNow(), 'yyyy-MM-dd')}.json","body":"@json(concat('[',variables('LineBreak'),'{',variables('LineBreak'),'\"Name\": \"',variables('clNameWithPrefix'),'\",',variables('LineBreak'),'\"Vm-size\": \"',outputs('Get_response_details')?['body/r8320e0b213fa43c889c0e5eb0312354c'],'\",',variables('LineBreak'),'\"Resource-group\": \"',outputs('Get_response_details')?['body/r809ba04d2bb34be3bb1637c99ac8623c'],'\",',variables('LineBreak'),'\"Workspace-name\": \"',outputs('Get_response_details')?['body/r9227ec3ba605405eb5ed2209ebc9ed94'],'\",',variables('LineBreak'),'\"TenantID\": \"','1c5baba3-b5f3-426e-b933-b1fe7cddcd63','\",',variables('LineBreak'),'\"UserID\": \"',outputs('Get_user')?['body/id'],'\",',variables('LineBreak'),'\"Subnet-name\": \"',outputs('Get_response_details')?['body/r6f4f2021978f4e5b837d771a4a7fd493'],'\",',variables('LineBreak'),'\"Vnet-name\": \"',outputs('Get_response_details')?['body/r17fa60f1cb6741e7aa92546be6ce02a3'],'\",',variables('LineBreak'),'\"Vnet-resourcegroup-name\": \"',outputs('Get_response_details')?['body/r7c3b08a95f134b3cbf733639b6769a1a'],'\"',variables('LineBreak'),'}',variables('LineBreak'),']'))\r\n"},"authentication":"@parameters('$authentication')"},"runtimeConfiguration":{"contentTransfer":{"transferMode":"Chunked"}}}},"runAfter":{},"else":{"actions":{"Create_blob_2":{"runAfter":{},"type":"OpenApiConnection","inputs":{"host":{"apiId":"/providers/Microsoft.PowerApps/apis/shared_azureblob","connectionName":"shared_azureblob_1","operationId":"CreateFile"},"parameters":{"folderPath":"/cirequests","name":"@{formatDateTime(utcNow(), 'yyyy-MM-dd')}.json","body":"@json(concat('[',variables('LineBreak'),'{',variables('LineBreak'),'\"Name\": \"',variables('clNameWithPrefix'),'\",',variables('LineBreak'),'\"Vm-size\": \"',outputs('Get_response_details')?['body/r8320e0b213fa43c889c0e5eb0312354c'],'\",',variables('LineBreak'),'\"Resource-group\": \"',outputs('Get_response_details')?['body/r809ba04d2bb34be3bb1637c99ac8623c'],'\",',variables('LineBreak'),'\"Workspace-name\": \"',outputs('Get_response_details')?['body/r9227ec3ba605405eb5ed2209ebc9ed94'],'\",',variables('LineBreak'),'\"TenantID\": \"','1c5baba3-b5f3-426e-b933-b1fe7cddcd63','\",',variables('LineBreak'),'\"UserID\": \"',outputs('Get_user')?['body/id'],'\"',variables('LineBreak'),'}',variables('LineBreak'),']'))"},"authentication":"@parameters('$authentication')"},"runtimeConfiguration":{"contentTransfer":{"transferMode":"Chunked"}}}}},"expression":{"greater":["@variables('subnetlength')",0]},"type":"If"}},"runAfter":{"Apply_to_each":["Succeeded"]},"else":{"actions":{"Update_blob":{"runAfter":{"Set_variable_4":["Succeeded"]},"type":"OpenApiConnection","inputs":{"host":{"apiId":"/providers/Microsoft.PowerApps/apis/shared_azureblob","connectionName":"shared_azureblob_1","operationId":"UpdateFile"},"parameters":{"id":"@variables('blobIdentifier')","body":"@json(variables('Final Blob Content'))"},"authentication":"@parameters('$authentication')"}},"Get_blob_content_using_path":{"runAfter":{},"type":"OpenApiConnection","inputs":{"host":{"apiId":"/providers/Microsoft.PowerApps/apis/shared_azureblob","connectionName":"shared_azureblob_1","operationId":"GetFileContentByPath"},"parameters":{"path":"@variables('BlobPath')","inferContentType":true},"authentication":"@parameters('$authentication')"}},"Set_Blob_Content":{"runAfter":{"Condition_5":["Succeeded"]},"type":"SetVariable","inputs":{"name":"BlobContent","value":"@{outputs('Get_blob_content_using_path')?['body']}"}},"Set_IndexOf}":{"runAfter":{"Set_Blob_Content":["Succeeded"]},"type":"SetVariable","inputs":{"name":"IndexOf}","value":"@sub(indexOf(variables('BlobContent'),']'),1)"}},"Set_variable_4":{"runAfter":{"Set_Blob_String":["Succeeded"]},"type":"SetVariable","inputs":{"name":"Final Blob Content","value":"@{concat('[',variables('BlobString'),',',variables('LineBreak'),variables('New Array Element'))}"}},"Set_Blob_String":{"runAfter":{"Set_IndexOf}":["Succeeded"]},"type":"SetVariable","inputs":{"name":"BlobString","value":"@{substring(variables('BlobContent'),1,variables('IndexOf}'))}"}},"Condition_5":{"actions":{"Set_variable_6":{"runAfter":{},"type":"SetVariable","inputs":{"name":"New Array Element","value":"@{concat('[',variables('LineBreak'),'{',variables('LineBreak'),'\"Name\": \"',variables('clNameWithPrefix'),'\",',variables('LineBreak'),'\"Vm-size\": \"',outputs('Get_response_details')?['body/r8320e0b213fa43c889c0e5eb0312354c'],'\",',variables('LineBreak'),'\"Resource-group\": \"',outputs('Get_response_details')?['body/r809ba04d2bb34be3bb1637c99ac8623c'],'\",',variables('LineBreak'),'\"Workspace-name\": \"',outputs('Get_response_details')?['body/r9227ec3ba605405eb5ed2209ebc9ed94'],'\",',variables('LineBreak'),'\"TenantID\": \"','1c5baba3-b5f3-426e-b933-b1fe7cddcd63','\",',variables('LineBreak'),'\"UserID\": \"',outputs('Get_user')?['body/id'],'\",',variables('LineBreak'),'\"Subnet-name\": \"',outputs('Get_response_details')?['body/r6f4f2021978f4e5b837d771a4a7fd493'],'\",',variables('LineBreak'),'\"Vnet-name\": \"',outputs('Get_response_details')?['body/r17fa60f1cb6741e7aa92546be6ce02a3'],'\",',variables('LineBreak'),'\"Vnet-resourcegroup-name\": \"',outputs('Get_response_details')?['body/r7c3b08a95f134b3cbf733639b6769a1a'],'\"',variables('LineBreak'),'}',variables('LineBreak'),']')}"}}},"runAfter":{"Get_blob_content_using_path":["Succeeded"]},"else":{"actions":{"Set_variable_5":{"runAfter":{},"type":"SetVariable","inputs":{"name":"New Array Element","value":"@{concat(variables('LineBreak'),'{',variables('LineBreak'),'\"Name\": \"',variables('clNameWithPrefix'),'\",',variables('LineBreak'),'\"Vm-size\": \"',outputs('Get_response_details')?['body/r8320e0b213fa43c889c0e5eb0312354c'],'\",',variables('LineBreak'),'\"Resource-group\": \"',outputs('Get_response_details')?['body/r809ba04d2bb34be3bb1637c99ac8623c'],'\",',variables('LineBreak'),'\"Workspace-name\": \"',outputs('Get_response_details')?['body/r9227ec3ba605405eb5ed2209ebc9ed94'],'\",',variables('LineBreak'),'\"TenantID\": \"','1c5baba3-b5f3-426e-b933-b1fe7cddcd63','\",',variables('LineBreak'),'\"UserID\": \"',outputs('Get_user')?['body/id'],'\"',variables('LineBreak'),'}',variables('LineBreak'),']')}"}}}},"expression":{"greater":["@variables('subnetlength')",0]},"type":"If"}}},"expression":{"equals":["@variables('dateExists')",false]},"type":"If"},"Send_an_email_(V2)":{"runAfter":{"Condition_2":["Succeeded"]},"type":"OpenApiConnection","inputs":{"host":{"apiId":"/providers/Microsoft.PowerApps/apis/shared_office365","connectionName":"shared_office365","operationId":"SendEmailV2"},"parameters":{"emailMessage/To":"jeffh@CRM478527.OnMicrosoft.com","emailMessage/Subject":"Your VM Exception Request has been Approved","emailMessage/Body":"<p>Your CI has began provisioning. Expect it to be available within 15 minutes<br>\n<br>\nCompute Instance:  @{variables('clNameWithPrefix')}<br>\nResource Group: @{outputs('Get_response_details')?['body/r809ba04d2bb34be3bb1637c99ac8623c']}<br>\nWorkspace: @{outputs('Get_response_details')?['body/r9227ec3ba605405eb5ed2209ebc9ed94']}</p>"},"authentication":"@parameters('$authentication')"}},"Condition_6":{"actions":{"HTTP_2":{"runAfter":{},"type":"Http","inputs":{"method":"POST","uri":"https://prod-27.westus2.logic.azure.com/workflows/dbdde6c085b44e6f9c843242e7aa4c35/triggers/manual/paths/invoke?api-version=2016-10-01&sp=%2Ftriggers%2Fmanual%2Frun&sv=1.0&sig=iGhMF6uMDXc07g5iqnhOGkDOkK0IyMEe7vW0UBfsRd4","body":"@json(concat('[',variables('LineBreak'),'{',variables('LineBreak'),'\"Name\": \"',variables('clNameWithPrefix'),'\",',variables('LineBreak'),'\"Vm-size\": \"',outputs('Get_response_details')?['body/r8320e0b213fa43c889c0e5eb0312354c'],'\",',variables('LineBreak'),'\"Resource-group\": \"',outputs('Get_response_details')?['body/r809ba04d2bb34be3bb1637c99ac8623c'],'\",',variables('LineBreak'),'\"Workspace-name\": \"',outputs('Get_response_details')?['body/r9227ec3ba605405eb5ed2209ebc9ed94'],'\",',variables('LineBreak'),'\"TenantID\": \"','1c5baba3-b5f3-426e-b933-b1fe7cddcd63','\",',variables('LineBreak'),'\"UserID\": \"',outputs('Get_user')?['body/id'],'\",',variables('LineBreak'),'\"Subnet-name\": \"',outputs('Get_response_details')?['body/r6f4f2021978f4e5b837d771a4a7fd493'],'\",',variables('LineBreak'),'\"Vnet-name\": \"',outputs('Get_response_details')?['body/r17fa60f1cb6741e7aa92546be6ce02a3'],'\",',variables('LineBreak'),'\"Vnet-resourcegroup-name\": \"',outputs('Get_response_details')?['body/r7c3b08a95f134b3cbf733639b6769a1a'],'\"',variables('LineBreak'),'}',variables('LineBreak'),']'))"}}},"runAfter":{"Send_an_email_(V2)":["Succeeded"]},"else":{"actions":{"HTTP":{"runAfter":{},"type":"Http","inputs":{"method":"POST","uri":"https://prod-27.westus2.logic.azure.com/workflows/dbdde6c085b44e6f9c843242e7aa4c35/triggers/manual/paths/invoke?api-version=2016-10-01&sp=%2Ftriggers%2Fmanual%2Frun&sv=1.0&sig=iGhMF6uMDXc07g5iqnhOGkDOkK0IyMEe7vW0UBfsRd4","body":"@json(concat('[',variables('LineBreak'),'{',variables('LineBreak'),'\"Name\": \"',variables('clNameWithPrefix'),'\",',variables('LineBreak'),'\"Vm-size\": \"',outputs('Get_response_details')?['body/r8320e0b213fa43c889c0e5eb0312354c'],'\",',variables('LineBreak'),'\"Resource-group\": \"',outputs('Get_response_details')?['body/r809ba04d2bb34be3bb1637c99ac8623c'],'\",',variables('LineBreak'),'\"Workspace-name\": \"',outputs('Get_response_details')?['body/r9227ec3ba605405eb5ed2209ebc9ed94'],'\",',variables('LineBreak'),'\"TenantID\": \"','1c5baba3-b5f3-426e-b933-b1fe7cddcd63','\",',variables('LineBreak'),'\"UserID\": \"',outputs('Get_user')?['body/id'],'\"',variables('LineBreak'),'}',variables('LineBreak'),']'))"}}}},"expression":{"greater":["@variables('subnetlength')",1]},"type":"If"}},"runAfter":{"Initialize_variable_2":["Succeeded"]},"else":{"actions":{"Apply_to_each_2":{"foreach":"@outputs('Wait_for_an_approval')?['body/responses']","actions":{"Send_an_email_(V2)_2":{"runAfter":{},"type":"OpenApiConnection","inputs":{"host":{"apiId":"/providers/Microsoft.PowerApps/apis/shared_office365","connectionName":"shared_office365","operationId":"SendEmailV2"},"parameters":{"emailMessage/To":"jeffh@CRM478527.OnMicrosoft.com","emailMessage/Subject":"Your VM Exception Request has been Rejected","emailMessage/Body":"<p>Details:<br>\n<br>\n<br>\nCompute Instance: @{outputs('Get_response_details')?['body/r59e078e33da04a1aa7f02ce8cb6f0a89']}<br>\nDate: @{outputs('Get_response_details')?['body/r26e4692973494773a8715391246d9782']}<br>\nComments: @{items('Apply_to_each_2')?['comments']}</p>"},"authentication":"@parameters('$authentication')"}}},"runAfter":{},"type":"Foreach"}}},"expression":{"equals":["@outputs('Wait_for_an_approval')?['body/outcome']","Approve"]},"type":"If"},"Initialize_DateExists":{"runAfter":{"Wait_for_an_approval":["Succeeded"]},"type":"InitializeVariable","inputs":{"variables":[{"name":"dateExists","type":"boolean","value":false}]}},"Initialize_Blob_Path":{"runAfter":{"Initialize_DateExists":["Succeeded"]},"type":"InitializeVariable","inputs":{"variables":[{"name":"BlobPath","type":"string"}]}},"Initialize_BlobIdentifier":{"runAfter":{"Initialize_Blob_Path":["Succeeded"]},"type":"InitializeVariable","inputs":{"variables":[{"name":"blobIdentifier","type":"string"}]}},"IntializeBlobContent":{"runAfter":{"Initialize_BlobIdentifier":["Succeeded"]},"type":"InitializeVariable","inputs":{"variables":[{"name":"BlobContent","type":"string"}]}},"Initialize_IndexOf}":{"runAfter":{"IntializeBlobContent":["Succeeded"]},"type":"InitializeVariable","inputs":{"variables":[{"name":"IndexOf}","type":"integer"}]}},"Initialize_Blob_String":{"runAfter":{"Initialize_IndexOf}":["Succeeded"]},"type":"InitializeVariable","inputs":{"variables":[{"name":"BlobString","type":"string"}]}},"Initialize_Line_Break":{"runAfter":{"Initialize_Blob_String":["Succeeded"]},"type":"InitializeVariable","inputs":{"variables":[{"name":"LineBreak","type":"string","value":"\n"}]}},"Final_Blob_Content":{"runAfter":{"Initialize_Line_Break":["Succeeded"]},"type":"InitializeVariable","inputs":{"variables":[{"name":"Final Blob Content","type":"string"}]}},"Post_your_own_adaptive_card_as_the_Flow_bot_to_a_channel":{"runAfter":{"Create_an_approval":["Succeeded"]},"type":"OpenApiConnection","inputs":{"host":{"apiId":"/providers/Microsoft.PowerApps/apis/shared_teams","connectionName":"shared_teams_1","operationId":"PostChannelAdaptiveCard"},"parameters":{"groupId":"c829cafe-709f-4b6a-bb5f-a2bf161e3a7b","PostAdaptiveCardRequest/recipient/channelId":"19:3782c78bc5554a51b5c4cabe785fbd0a@thread.tacv2","PostAdaptiveCardRequest/messageBody":"@outputs('Create_an_approval')?['body/adaptiveCard']","PostAdaptiveCardRequest/messageTitle":"A new Compute Instance Request has been Submitted"},"authentication":"@parameters('$authentication')"}},"Get_user":{"runAfter":{"Get_response_details":["Succeeded"]},"type":"OpenApiConnection","inputs":{"host":{"apiId":"/providers/Microsoft.PowerApps/apis/shared_azuread","connectionName":"shared_azuread","operationId":"GetUser"},"parameters":{"id":"@outputs('Get_response_details')?['body/responder']"},"authentication":"@parameters('$authentication')"}},"Initialize_New_Array_Element":{"runAfter":{"Initialize_variable":["Succeeded"]},"type":"InitializeVariable","inputs":{"variables":[{"name":"New Array Element","type":"string"}]}},"Initialize_Prefix":{"runAfter":{"Final_Blob_Content":["Succeeded"]},"type":"InitializeVariable","inputs":{"variables":[{"name":"randomNumber","type":"string","value":"@{rand(0,99)}"}]}},"Initialize_variable":{"runAfter":{"Initialize_Prefix":["Succeeded"]},"type":"InitializeVariable","inputs":{"variables":[{"name":"clNameWithPrefix","type":"string","value":"@{concat(outputs('Get_response_details')?['body/r56f7e52ce27e476ca6c44e195f381427'],variables('randomNumber'))}"}]}},"Initialize_variable_2":{"runAfter":{"Initialize_New_Array_Element":["Succeeded"]},"type":"InitializeVariable","inputs":{"variables":[{"name":"subnetlength","type":"integer","value":"@length(outputs('Get_response_details')?['body/r6f4f2021978f4e5b837d771a4a7fd493'])"}]}}}},"connectionReferences":{"shared_microsoftforms":{"connectionName":"shared-microsoftform-144c727f-c638-4909-8bba-6073-3e2511e5","source":"Embedded","id":"/providers/Microsoft.PowerApps/apis/shared_microsoftforms","tier":"NotSpecified"},"shared_approvals":{"connectionName":"shared-approvals-b7ad6921-d391-4f67-a964-19f052a73517","source":"Embedded","id":"/providers/Microsoft.PowerApps/apis/shared_approvals","tier":"NotSpecified"},"shared_azureblob_1":{"connectionName":"shared-azureblob-f9205b15-b0e3-48d1-b492-17de-fd0a7a71","source":"Embedded","id":"/providers/Microsoft.PowerApps/apis/shared_azureblob","tier":"NotSpecified"},"shared_office365":{"connectionName":"shared-office365-86f5cc54-6745-4266-8df3-8694-09150777","source":"Embedded","id":"/providers/Microsoft.PowerApps/apis/shared_office365","tier":"NotSpecified"},"shared_teams_1":{"connectionName":"shared-teams-658f64e0-8949-4bc0-ad99-3bb7-f6e4b60c","source":"Embedded","id":"/providers/Microsoft.PowerApps/apis/shared_teams","tier":"NotSpecified"},"shared_azuread":{"connectionName":"shared-azuread-25d1463e-c2f2-4e1a-8417-8f86-345b1d06","source":"Embedded","id":"/providers/Microsoft.PowerApps/apis/shared_azuread","tier":"NotSpecified"}},"flowFailureAlertSubscribed":false}}