{"name":"26beb8c3-be5a-462d-acc4-541a0ae7dc31","id":"/providers/Microsoft.Flow/flows/26beb8c3-be5a-462d-acc4-541a0ae7dc31","type":"Microsoft.Flow/flows","properties":{"apiId":"/providers/Microsoft.PowerApps/apis/shared_logicflows","displayName":"VM Exception Date Handling - import","definition":{"metadata":{"workflowEntityId":null,"flowclientsuspensionreason":"None","flowclientsuspensiontime":null,"creator":{"id":"769f9a89-86c4-4504-a9df-6dad6a918702","type":"User","tenantId":"1c5baba3-b5f3-426e-b933-b1fe7cddcd63"},"provisioningMethod":"FromDefinition","failureAlertSubscription":true,"clientLastModifiedTime":"2021-03-30T17:28:28.962204Z"},"$schema":"https://schema.management.azure.com/providers/Microsoft.Logic/schemas/2016-06-01/workflowdefinition.json#","contentVersion":"1.0.0.0","parameters":{"$connections":{"defaultValue":{},"type":"Object"},"$authentication":{"defaultValue":{},"type":"SecureObject"}},"triggers":{"When_a_new_response_is_submitted":{"splitOn":"@triggerOutputs()?['body/value']","type":"OpenApiConnectionWebhook","inputs":{"host":{"apiId":"/providers/Microsoft.PowerApps/apis/shared_microsoftforms","connectionName":"shared_microsoftforms","operationId":"CreateFormWebhook"},"parameters":{"form_id":"o6tbHPO1bkK5M7H-fN3NY4man3bEhgRFqd9trWqRhwJUNkc5TDlDTlJTWTJIWDVDRVA0RlE4T1QzVy4u"},"authentication":"@parameters('$authentication')"}}},"actions":{"Get_response_details":{"runAfter":{},"type":"OpenApiConnection","inputs":{"host":{"apiId":"/providers/Microsoft.PowerApps/apis/shared_microsoftforms","connectionName":"shared_microsoftforms","operationId":"GetFormResponseById"},"parameters":{"form_id":"o6tbHPO1bkK5M7H-fN3NY4man3bEhgRFqd9trWqRhwJUNkc5TDlDTlJTWTJIWDVDRVA0RlE4T1QzVy4u","response_id":"@triggerOutputs()?['body/resourceData/responseId']"},"authentication":"@parameters('$authentication')"}},"Initialize_variable":{"runAfter":{"Get_response_details":["Succeeded"]},"type":"InitializeVariable","inputs":{"variables":[{"name":"dateRange","type":"integer","value":"@sub(dayOfYear(outputs('Get_response_details')?['body/rde3f39232950455b882c12e6bb6e944e']),dayOfYear(outputs('Get_response_details')?['body/r26e4692973494773a8715391246d9782']))"}]}},"Do_until":{"actions":{"Set_variable":{"runAfter":{},"type":"SetVariable","inputs":{"name":"currentDate","value":"@{formatDateTime(addDays(outputs('Get_response_details')?['body/r26e4692973494773a8715391246d9782'],variables('count')),'yyyy-MM-dd')}"}},"Increment_variable":{"runAfter":{"Set_variable":["Succeeded"]},"type":"IncrementVariable","inputs":{"name":"count","value":1}},"HTTP":{"runAfter":{"Increment_variable":["Succeeded"]},"type":"Http","inputs":{"method":"POST","uri":"https://prod-39.westus.logic.azure.com:443/workflows/aa106531ea2e473fa5bdc993ea032277/triggers/manual/paths/invoke?api-version=2016-06-01&sp=%2Ftriggers%2Fmanual%2Frun&sv=1.0&sig=TUQJKO_xtdQwWtDn_7q2Pz2L5J9_xgmlSsEulaNFLNQ","body":"@json(concat('[',variables('line break'),'{',variables('line break'),'\"Name\" : \"',outputs('Get_response_details')?['body/r59e078e33da04a1aa7f02ce8cb6f0a89'],'\",',variables('line break'),'\"date\": \"',variables('currentDate'),'\"',variables('line break'),'}',variables('line break'),']'))"}}},"runAfter":{"Initialize_variable_3":["Succeeded"]},"expression":"@greater(variables('count'), variables('dateRange'))","limit":{"count":60,"timeout":"PT1H"},"type":"Until"},"Initialize_variable_2":{"runAfter":{"Initialize_variable_4":["Succeeded"]},"type":"InitializeVariable","inputs":{"variables":[{"name":"count","type":"integer","value":0}]}},"Initialize_variable_3":{"runAfter":{"Initialize_variable_2":["Succeeded"]},"type":"InitializeVariable","inputs":{"variables":[{"name":"currentDate","type":"string"}]}},"Initialize_variable_4":{"runAfter":{"Initialize_variable":["Succeeded"]},"type":"InitializeVariable","inputs":{"variables":[{"name":"line break","type":"string","value":"\n"}]}}}},"connectionReferences":{"shared_microsoftforms":{"connectionName":"shared-microsoftform-144c727f-c638-4909-8bba-6073-3e2511e5","source":"Embedded","id":"/providers/Microsoft.PowerApps/apis/shared_microsoftforms","tier":"NotSpecified"}},"flowFailureAlertSubscribed":false}}