{"name":"2ba7650b-4880-488f-862f-283da6af77df","id":"/providers/Microsoft.Flow/flows/2ba7650b-4880-488f-862f-283da6af77df","type":"Microsoft.Flow/flows","properties":{"apiId":"/providers/Microsoft.PowerApps/apis/shared_logicflows","displayName":"Create VM Excpetion - JSON - Flow Trigger","definition":{"metadata":{"workflowEntityId":null,"flowclientsuspensionreason":"None","flowclientsuspensiontime":null,"creator":{"id":"769f9a89-86c4-4504-a9df-6dad6a918702","type":"User","tenantId":"1c5baba3-b5f3-426e-b933-b1fe7cddcd63"},"provisioningMethod":"FromDefinition","failureAlertSubscription":true,"clientLastModifiedTime":"2021-03-05T00:05:14.8267082Z"},"$schema":"https://schema.management.azure.com/providers/Microsoft.Logic/schemas/2016-06-01/workflowdefinition.json#","contentVersion":"1.0.0.0","parameters":{"$connections":{"defaultValue":{},"type":"Object"},"$authentication":{"defaultValue":{},"type":"SecureObject"}},"triggers":{"manual":{"type":"Request","kind":"Http","inputs":{"schema":{"type":"array","items":{"type":"object","properties":{"Name":{"type":"string"},"date":{"type":"string"}},"required":["Name","date"]}}}}},"actions":{"List_blobs":{"runAfter":{"Initialize_DateExists":["Succeeded"]},"metadata":{"JTJmdm1leGNlcHRpb25z":"/vmexceptions"},"type":"OpenApiConnection","inputs":{"host":{"apiId":"/providers/Microsoft.PowerApps/apis/shared_azureblob","connectionName":"shared_azureblob_1","operationId":"ListFolderV2"},"parameters":{"id":"JTJmdm1leGNlcHRpb25z","nextPageMarker":"","useFlatListing":false},"authentication":"@parameters('$authentication')"}},"Initialize_DateExists":{"runAfter":{"Parse_JSON":["Succeeded"]},"type":"InitializeVariable","inputs":{"variables":[{"name":"dateExists","type":"boolean","value":false}]}},"Apply_to_each":{"foreach":"@outputs('List_blobs')?['body/value']","actions":{"Apply_to_each_2":{"foreach":"@triggerBody()","actions":{"Condition":{"actions":{"Set_variable":{"runAfter":{},"type":"SetVariable","inputs":{"name":"dateExists","value":true}},"Set_variable_2":{"runAfter":{"Set_variable":["Succeeded"]},"type":"SetVariable","inputs":{"name":"BlobPath","value":"@items('Apply_to_each')?['Path']"}},"Set_variable_3":{"runAfter":{"Set_variable_2":["Succeeded"]},"type":"SetVariable","inputs":{"name":"blobIdentifier","value":"@items('Apply_to_each')?['Id']"}}},"runAfter":{},"expression":{"startsWith":["@items('Apply_to_each')?['Name']","@items('Apply_to_each_2')['date']"]},"type":"If"}},"runAfter":{},"type":"Foreach"}},"runAfter":{"Initialize_BlobIdentifier":["Succeeded"]},"type":"Foreach"},"Condition_2":{"actions":{"Create_blob":{"runAfter":{},"type":"OpenApiConnection","inputs":{"host":{"apiId":"/providers/Microsoft.PowerApps/apis/shared_azureblob","connectionName":"shared_azureblob_1","operationId":"CreateFile"},"parameters":{"folderPath":"/vmexceptions","name":"@{variables('date')}.json","body":"@json(concat('{',variables('LineBreak'),'\"vmname\": [\"',variables('name'),'\"]',variables('LineBreak'),'}'))"},"authentication":"@parameters('$authentication')"},"runtimeConfiguration":{"contentTransfer":{"transferMode":"Chunked"}}}},"runAfter":{"Apply_to_each_4":["Succeeded"]},"else":{"actions":{"Update_blob":{"runAfter":{"Set_variable_4":["Succeeded"]},"type":"OpenApiConnection","inputs":{"host":{"apiId":"/providers/Microsoft.PowerApps/apis/shared_azureblob","connectionName":"shared_azureblob_1","operationId":"UpdateFile"},"parameters":{"id":"@variables('blobIdentifier')","body":"@json(variables('Final Blob Content'))"},"authentication":"@parameters('$authentication')"}},"Get_blob_content_using_path":{"runAfter":{},"type":"OpenApiConnection","inputs":{"host":{"apiId":"/providers/Microsoft.PowerApps/apis/shared_azureblob","connectionName":"shared_azureblob_1","operationId":"GetFileContentByPath"},"parameters":{"path":"@variables('BlobPath')","inferContentType":true},"authentication":"@parameters('$authentication')"}},"Set_Blob_Content":{"runAfter":{"Get_blob_content_using_path":["Succeeded"]},"type":"SetVariable","inputs":{"name":"BlobContent","value":"@{string(outputs('Get_blob_content_using_path')?['body'])}"}},"Set_IndexOf}":{"runAfter":{"Set_Blob_Content":["Succeeded"]},"type":"SetVariable","inputs":{"name":"IndexOf}","value":"@sub(indexOf(variables('BlobContent'),']'),1)"}},"Set_variable_4":{"runAfter":{"Set_Blob_String":["Succeeded"]},"type":"SetVariable","inputs":{"name":"Final Blob Content","value":"@{concat('{',variables('BlobString'),', \"',variables('name'),'\"]',variables('LineBreak'), '}')}"}},"Set_Blob_String":{"runAfter":{"Set_IndexOf}":["Succeeded"]},"type":"SetVariable","inputs":{"name":"BlobString","value":"@{substring(variables('BlobContent'),1,variables('IndexOf}'))}"}}}},"expression":{"equals":["@variables('dateExists')",false]},"type":"If"},"Initialize_BlobIdentifier":{"runAfter":{"Initialize_Blob_Path":["Succeeded"]},"type":"InitializeVariable","inputs":{"variables":[{"name":"blobIdentifier","type":"string"}]}},"Initialize_Blob_Path":{"runAfter":{"List_blobs":["Succeeded"]},"type":"InitializeVariable","inputs":{"variables":[{"name":"BlobPath","type":"string"}]}},"IntializeBlobContent":{"runAfter":{"Apply_to_each":["Succeeded"]},"type":"InitializeVariable","inputs":{"variables":[{"name":"BlobContent","type":"string"}]}},"Initialize_IndexOf}":{"runAfter":{"IntializeBlobContent":["Succeeded"]},"type":"InitializeVariable","inputs":{"variables":[{"name":"IndexOf}","type":"integer"}]}},"Initialize_Blob_String":{"runAfter":{"Initialize_IndexOf}":["Succeeded"]},"type":"InitializeVariable","inputs":{"variables":[{"name":"BlobString","type":"string"}]}},"Initialize_Line_Break":{"runAfter":{"Initialize_Blob_String":["Succeeded"]},"type":"InitializeVariable","inputs":{"variables":[{"name":"LineBreak","type":"string","value":"\n"}]}},"Final_Blob_Content":{"runAfter":{"Initialize_Line_Break":["Succeeded"]},"type":"InitializeVariable","inputs":{"variables":[{"name":"Final Blob Content","type":"string"}]}},"Parse_JSON":{"runAfter":{},"type":"ParseJson","inputs":{"content":"@triggerBody()","schema":{"type":"array","items":{"type":"object","properties":{"Name":{"type":"string"},"date":{"type":"string"}},"required":["Name","date"]}}}},"Apply_to_each_3":{"foreach":"@body('Parse_JSON')","actions":{"Set_variable_5":{"runAfter":{},"type":"SetVariable","inputs":{"name":"name","value":"@items('Apply_to_each_3')['Name']"}}},"runAfter":{"Initialize_variable":["Succeeded"]},"type":"Foreach"},"Initialize_variable_2":{"runAfter":{"Final_Blob_Content":["Succeeded"]},"type":"InitializeVariable","inputs":{"variables":[{"name":"name","type":"string"}]}},"Initialize_variable":{"runAfter":{"Initialize_variable_2":["Succeeded"]},"type":"InitializeVariable","inputs":{"variables":[{"name":"date","type":"string"}]}},"Apply_to_each_4":{"foreach":"@triggerBody()","actions":{"Set_variable_6":{"runAfter":{},"type":"SetVariable","inputs":{"name":"date","value":"@items('Apply_to_each_4')['date']"}}},"runAfter":{"Apply_to_each_3":["Succeeded"]},"type":"Foreach"}}},"connectionReferences":{"shared_azureblob_1":{"connectionName":"shared-azureblob-f9205b15-b0e3-48d1-b492-17de-fd0a7a71","source":"Embedded","id":"/providers/Microsoft.PowerApps/apis/shared_azureblob","tier":"NotSpecified"}},"flowFailureAlertSubscribed":false}}